Workbook

Sheet Ashborn Cards
A1: ID | B1: Card Name | C1: Type | D1: Cost | E1: Rarity | F1: Stats (ATK/DEF) | G1: Effect | H1: Flavor Text
A2: ASH001 | B2: Ashborn Recruit | C2: Attack Unit | D2: 0 | E2: Common | F2: 1/1 | G2: None | H2: We all have to start somewhere.
A3: ASH002 | B3: Cinder Scroll | C3: Spell | D3: 0 | E3: Common | F3: — | G3: Deal 1 damage to an enemy. | H3: Fierba… No, no. Firebawl!
A4: ASH003 | B4: Camp Supplies | C4: Support | D4: 0 | E4: Common | F4: — | G4: +1 Health to the lowest friendly unit. Duration: 2 turns | H4: Not the freshest rations, but it'll do.
A5: ASH004 | B5: Ashborn Trainee | C5: Attack Unit | D5: 1 | E5: Common | F5: 1/1 | G5: Invoke: Gain +1 Attack if this is your only Attack Unit. | H5: If I have to swing this sword one more time!
A6: ASH005 | B6: Rallying Cry | C6: Spell | D6: 1 | E6: Common | F6: — | G6: Draw a card. | H6: A little help from a friend.
A7: ASH006 | B7: Legion Smith | C7: Support Unit | D7: 1 | E7: Common | F7: 0/2 | G7: Start of Turn: Give the friendly unit with the lowest Attack +1 Attack. | H7: A sharper blade is cheaper than a new recruit.
A8: ASH007 | B8: Ashborn Sentry | C8: Defense Unit | D8: 1 | E8: Common | F8: 0/3 | G8: None | H8: The shield goes in the front... right?
A9: ASH008 | B9: Shield Bearer | C9: Defense Unit | D9: 1 | E9: Common | F9: 0/2 | G9: Invoke: Give the friendly unit with the lowest Health +1 Health. | H9: Finally found someone to bear the load.
A10: ASH009 | B10: Ashborn Hunter | C10: Attack Unit | D10: 1 | E10: Rare | F10: 2/1 | G10: Last Word: Deal 1 damage to a random enemy. | H10: Ain't no more deer in Blackthorn Vale.
A11: ASH010 | B11: Traveling Merchant | C11: Support | D11: 1 | E11: Common | F11: — | G11: Reduce the cost of a random card in your hand by 1. Duration: 2 turns. | H11: That.. Uhh.. Fell of a caravan.
A12: ASH011 | B12: Counter Intelligence | C12: Spell | D12: 1 | E12: Common | F12: — | G12: See the lowest cost card in the enemy's hand. | H12: Shh... Don't tell them, I told you.
A13: ASH012 | B13: Battle Apprentice | C13: Attack Unit | D13: 1 | E13: Rare | F13: 1/1 | G13: Cleave | H13: I told you to hit the middle one!
... A61: ASH060 | B61: The Ashen Warlord | C61: Attack Unit | D61: 10 | E61: Legendary | F61: 12/11 | G61: Last Word: Deal 8 damage to all enemy units. | H61: Even in death, my wrath lives on.

Sheet Ashborn Tracker
A1: Cost | B1: Target | C1: Completed | D1: Remaining
A2: 0 | B2: 3 | C2: =COUNTIF('Ashborn Cards'!D:D,A2) -> 3 | D2: =B2-C2 -> 0
A3: 1 | B3: 10 | C3: =COUNTIF('Ashborn Cards'!D:D,A3) -> 10 | D3: =B3-C3 -> 0
A4: 2 | B4: 13 | C4: =COUNTIF('Ashborn Cards'!D:D,A4) -> 13 | D4: =B4-C4 -> 0
A5: 3 | B5: 11 | C5: =COUNTIF('Ashborn Cards'!D:D,A5) -> 11 | D5: =B5-C5 -> 0
A6: 4 | B6: 8 | C6: =COUNTIF('Ashborn Cards'!D:D,A6) -> 8 | D6: =B6-C6 -> 0
A7: 5 | B7: 6 | C7: =COUNTIF('Ashborn Cards'!D:D,A7) -> 6 | D7: =B7-C7 -> 0
A8: 6 | B8: 3 | C8: =COUNTIF('Ashborn Cards'!D:D,A8) -> 3 | D8: =B8-C8 -> 0
A9: 7 | B9: 2 | C9: =COUNTIF('Ashborn Cards'!D:D,A9) -> 2 | D9: =B9-C9 -> 0
A10: 8 | B10: 2 | C10: =COUNTIF('Ashborn Cards'!D:D,A10) -> 2 | D10: =B10-C10 -> 0
A11: 9 | B11: 1 | C11: =COUNTIF('Ashborn Cards'!D:D,A11) -> 1 | D11: =B11-C11 -> 0
A12: 10 | B12: 1 | C12: =COUNTIF('Ashborn Cards'!D:D,A12) -> 1 | D12: =B12-C12 -> 0
A13: TOTAL | B13: =SUM(B2:B12) -> 60 | C13: =SUM(C2:C12) -> 60 | D13: =SUM(D2:D12) -> 0

Sheet Locked Keywords
A1: Keyword | B1: Definition
A2: Invoke | B2: Effect triggers as soon as card is played.
A3: End of Turn | B3: Effect triggers at the end of your turn.
A4: Start of Turn | B4: Effect triggers at the start of your turn.
A5: Cleave | B5: Attacks also hit adjacent units.
A6: Berserk | B6: Effect triggers on taking damage for the first time.
A7: Last Word | B7: Effect triggers on death.
A8: Echo | B8: Effect triggers whenever another friendly unit is destroyed (repeatable; distinct from Last Word, which only triggers on this unit's own death).

Sheet Unit Types
A1: Unit Type | B1: Definition
A2: Human | B2: Humans and Humanoid units
A3: Animal | B3: Animals and Animal-like units
A4: Construct | B4: Magical or man made constructs
A5: Elemental | B5: Magical natural creatures/spirits
A6: Dragon | B6: Dragons
